scenario,dtp3_rate_mean,dtp3_rate_ci_low,dtp3_rate_ci_high,dtp2_rate_mean,cost_per_child_mean,cost_total_mean,equity_gap_mean,equity_gap_ci_low,equity_gap_ci_high,rate_poorest_mean,rate_richest_mean,icer_vs_s0,delta_dtp3_vs_s0,delta_cost_vs_s0
S0: Status Quo,0.8586642,0.852,0.8657025,0.947786,155.273745,1552737.45,0.07805677015019723,0.05736422860441576,0.09846224615046818,0.8420091104505582,0.9200658806007554,,,
S1: Uniform SMS,0.8712158,0.8643,0.8773025,0.9529958,97.64979,976497.9,0.07232251240784751,0.05121577945917,0.09301318400569264,0.855360318302022,0.9276828307098695,-4590.964896905575,0.012551599999999996,-57.623954999999995
S2: Uniform CHW,0.8838247,0.8778,0.8902,0.9581630999999999,979.08155,9790815.5,0.06556926500134322,0.046856667669235755,0.08484076430367585,0.8693272904513597,0.934896555452703,32742.10786749067,0.02516050000000003,823.807805
S3: Risk-Targeted,0.8819108,0.8757,0.8882,0.9580933,341.411815,3414118.15,0.06738776959878039,0.048637206945284346,0.08619571759422145,0.8665695182528093,0.9339572878515896,8007.109426754878,0.023246600000000006,186.13807
S4: RL-Optimised,0.8817301,0.8754974999999999,0.8882,0.9560808999999999,903.4008249999999,9034008.25,0.06845214181686664,0.05053304387350445,0.09032512519604566,0.8658705493623863,0.934322691179253,32434.332933031048,0.023065899999999973,748.12708
S5: Bandit-Allocated,0.8710952999999999,0.8645975,0.8779,0.9529582000000001,97.849465,978494.65,0.07252974131247135,0.0527115012051015,0.09181875741875396,0.8549074873398006,0.9274372286522719,-4619.404557923303,0.012431099999999917,-57.424279999999996
