{
  "S0: Status Quo": {
    "scenario": "S0: Status Quo",
    "dtp3_rate_mean": 0.8586642,
    "dtp3_rate_ci_low": 0.852,
    "dtp3_rate_ci_high": 0.8657025,
    "dtp2_rate_mean": 0.947786,
    "cost_per_child_mean": 155.273745,
    "cost_total_mean": 1552737.45,
    "equity_gap_mean": 0.07805677015019723,
    "equity_gap_ci_low": 0.05736422860441576,
    "equity_gap_ci_high": 0.09846224615046818,
    "rate_poorest_mean": 0.8420091104505582,
    "rate_richest_mean": 0.9200658806007554
  },
  "S1: Uniform SMS": {
    "scenario": "S1: Uniform SMS",
    "dtp3_rate_mean": 0.8712158,
    "dtp3_rate_ci_low": 0.8643,
    "dtp3_rate_ci_high": 0.8773025,
    "dtp2_rate_mean": 0.9529958,
    "cost_per_child_mean": 97.64979,
    "cost_total_mean": 976497.9,
    "equity_gap_mean": 0.07232251240784751,
    "equity_gap_ci_low": 0.05121577945917,
    "equity_gap_ci_high": 0.09301318400569264,
    "rate_poorest_mean": 0.855360318302022,
    "rate_richest_mean": 0.9276828307098695,
    "icer_vs_s0": -4590.964896905575,
    "delta_dtp3_vs_s0": 0.012551599999999996,
    "delta_cost_vs_s0": -57.623954999999995
  },
  "S2: Uniform CHW": {
    "scenario": "S2: Uniform CHW",
    "dtp3_rate_mean": 0.8838247,
    "dtp3_rate_ci_low": 0.8778,
    "dtp3_rate_ci_high": 0.8902,
    "dtp2_rate_mean": 0.9581630999999999,
    "cost_per_child_mean": 979.08155,
    "cost_total_mean": 9790815.5,
    "equity_gap_mean": 0.06556926500134322,
    "equity_gap_ci_low": 0.046856667669235755,
    "equity_gap_ci_high": 0.08484076430367585,
    "rate_poorest_mean": 0.8693272904513597,
    "rate_richest_mean": 0.934896555452703,
    "icer_vs_s0": 32742.10786749067,
    "delta_dtp3_vs_s0": 0.02516050000000003,
    "delta_cost_vs_s0": 823.807805
  },
  "S3: Risk-Targeted": {
    "scenario": "S3: Risk-Targeted",
    "dtp3_rate_mean": 0.8819108,
    "dtp3_rate_ci_low": 0.8757,
    "dtp3_rate_ci_high": 0.8882,
    "dtp2_rate_mean": 0.9580933,
    "cost_per_child_mean": 341.411815,
    "cost_total_mean": 3414118.15,
    "equity_gap_mean": 0.06738776959878039,
    "equity_gap_ci_low": 0.048637206945284346,
    "equity_gap_ci_high": 0.08619571759422145,
    "rate_poorest_mean": 0.8665695182528093,
    "rate_richest_mean": 0.9339572878515896,
    "icer_vs_s0": 8007.109426754878,
    "delta_dtp3_vs_s0": 0.023246600000000006,
    "delta_cost_vs_s0": 186.13807
  },
  "S4: RL-Optimised": {
    "scenario": "S4: RL-Optimised",
    "dtp3_rate_mean": 0.8817301,
    "dtp3_rate_ci_low": 0.8754974999999999,
    "dtp3_rate_ci_high": 0.8882,
    "dtp2_rate_mean": 0.9560808999999999,
    "cost_per_child_mean": 903.4008249999999,
    "cost_total_mean": 9034008.25,
    "equity_gap_mean": 0.06845214181686664,
    "equity_gap_ci_low": 0.05053304387350445,
    "equity_gap_ci_high": 0.09032512519604566,
    "rate_poorest_mean": 0.8658705493623863,
    "rate_richest_mean": 0.934322691179253,
    "icer_vs_s0": 32434.332933031048,
    "delta_dtp3_vs_s0": 0.023065899999999973,
    "delta_cost_vs_s0": 748.12708
  },
  "S5: Bandit-Allocated": {
    "scenario": "S5: Bandit-Allocated",
    "dtp3_rate_mean": 0.8710952999999999,
    "dtp3_rate_ci_low": 0.8645975,
    "dtp3_rate_ci_high": 0.8779,
    "dtp2_rate_mean": 0.9529582000000001,
    "cost_per_child_mean": 97.849465,
    "cost_total_mean": 978494.65,
    "equity_gap_mean": 0.07252974131247135,
    "equity_gap_ci_low": 0.0527115012051015,
    "equity_gap_ci_high": 0.09181875741875396,
    "rate_poorest_mean": 0.8549074873398006,
    "rate_richest_mean": 0.9274372286522719,
    "icer_vs_s0": -4619.404557923303,
    "delta_dtp3_vs_s0": 0.012431099999999917,
    "delta_cost_vs_s0": -57.424279999999996
  }
}