alpha,mean_q,ood_freq,final_penalty,action_0_pct,action_1_pct,action_2_pct,action_3_pct,action_4_pct
1.0,1.0643657629938326,27.246283128636072,-0.01781414597350673,18.939883645766,16.774402068519713,37.03943115707822,8.047834518422754,19.19844861021332
2.0,1.094056776812591,29.023917259211377,-0.018705818640354043,20.62055591467356,16.25727213962508,34.09825468648998,7.853910795087265,21.17000646412411
5.0,1.2680166625077651,31.44796380090498,-0.034366524914469614,21.428571428571427,17.90562378797673,29.217840982546868,9.696186166774403,21.751777634130576
