{
  "behaviour_policy_value": 1.103671669960022,
  "IS_estimate": 0.22825171092113622,
  "WIS_estimate": 1.1714624660792146,
  "FQE_behaviour_value": 1.042929375900875,
  "FQE_eval_policy_value": 1.1132998869686728,
  "DR_estimate": 1.7313690675895892,
  "policy_improvement_WIS": 0.06779079611919259,
  "policy_improvement_FQE": 0.07037051106779768,
  "policy_improvement_pct_WIS": 6.142297384660433,
  "policy_improvement_pct_FQE": 6.747389870671938,
  "ood_action_freq_cql_pct": 33.31188676210391,
  "ood_action_freq_behav_pct": 0.16084928422068523,
  "cql_alpha": 5.0,
  "cql_final_penalty": -0.034366524914469614,
  "n_validation_episodes": 1569,
  "wis_epsilon": 0.1
}