{
  "fqi_iterations": 2,
  "fqi_converged": true,
  "fqi_final_delta": 0.0,
  "cql_alpha": 5.0,
  "cql_iterations": 100,
  "cql_final_delta": 0.008992554362261715,
  "cql_final_penalty": -0.034366524914469614,
  "n_train": 3123,
  "n_val": 3094,
  "n_episodes_val": 1569,
  "policy_action_dist": {
    "0": 0.2002573588547531,
    "1": 0.1730738298214573,
    "2": 0.2935499437027505,
    "3": 0.10390863760656265,
    "4": 0.22921023001447643
  },
  "behaviour_action_dist": {
    "0": 0.20926491877111147,
    "1": 0.7059675084445874,
    "2": 0.08315907994209426,
    "3": 0.0016084928422068522,
    "4": 0.0
  },
  "ope": {
    "behaviour_policy_value": 1.103671669960022,
    "IS_estimate": 0.22825171092113622,
    "WIS_estimate": 1.1714624660792146,
    "FQE_behaviour_value": 1.042929375900875,
    "FQE_eval_policy_value": 1.1132998869686728,
    "DR_estimate": 1.7313690675895892,
    "policy_improvement_WIS": 0.06779079611919259,
    "policy_improvement_FQE": 0.07037051106779768,
    "policy_improvement_pct_WIS": 6.142297384660433,
    "policy_improvement_pct_FQE": 6.747389870671938,
    "ood_action_freq_cql_pct": 33.31188676210391,
    "ood_action_freq_behav_pct": 0.16084928422068523,
    "cql_alpha": 5.0,
    "cql_final_penalty": -0.034366524914469614,
    "n_validation_episodes": 1569,
    "wis_epsilon": 0.1
  },
  "policy_changes_pct": 83.86681679266528,
  "cql_alpha_sensitivity": {
    "1.0": {
      "ood_freq": 27.246283128636072,
      "mean_q": 1.0643657629938326
    },
    "2.0": {
      "ood_freq": 29.023917259211377,
      "mean_q": 1.094056776812591
    },
    "5.0": {
      "ood_freq": 31.44796380090498,
      "mean_q": 1.2680166625077651
    }
  },
  "corrections_applied": [
    "Fix 1: FQI iterations 50\u2192200, convergence threshold 0.001\u21920.01, ExtraTrees n_estimators 100\u2192200",
    "Fix 2: CQL \u03b1 tested at 1.0, 2.0, 5.0; selected \u03b1 with OOD<15%"
  ]
}